"","Descriptor","estimate"
"1","FF",-0.00120771898123775
"2","OCD.OH",-0.00177287866151109
"3","circ",0.0246237699435435
